"","num","true","RF_AIPW","RF_TMLE","RF_AIPW_se","RF_TMLE_se","RF_AIPW2","RF_TMLE2","RF_AIPW2_se","RF_TMLE2_se","RF_TLME2_sum","RF_AIPW2_sum","RF_TMLE_sum","RF_AIPW_sum","RF_TMLE2_sum","RF_AIPW_diff","RF_TMLE_diff","RF_AIPW2_diff","RF_TMLE2_diff"
"1",1,0.1914691,0.14249009543915,0.142606241931564,0.0518923059787202,0.0528492504704834,0.148272535263018,0.148285639903082,0.052646509130859,0.053312115172132,"N","Y","Y","Y","Y",-0.0489790045608498,-0.0488628580684364,-0.0431965647369816,-0.0431834600969179
"2",2,2.5,2.86059889983347,2.8504632254586,0.337024561266917,0.351042722180976,2.91638904942081,2.91900197850133,0.327762105246683,0.348307536835607,"N","Y","Y","Y","Y",0.360598899833465,0.350463225458604,0.416389049420808,0.419001978501333
"3",3,2.090099,3.58517828523304,3.58323545107554,0.79020638227698,0.784716819754585,3.16624615069787,3.16498550883857,0.727536286197036,0.72849413071948,"N","Y","Y","Y","Y",1.49507928523304,1.49313645107554,1.07614715069787,1.07488650883857
"4",4,0.1696688,0.197132592550755,0.197077136244022,0.0374969587137433,0.0368715536666217,0.195744046863297,0.195736260942505,0.037143122916225,0.0366965582597443,"N","Y","Y","Y","Y",0.0274637925507552,0.0274083362440216,0.0260752468632974,0.0260674609425046
"5",5,0.1914691,0.164188669436685,0.164195282645456,0.0498453679149398,0.0515585821839774,0.163741476085059,0.163848123576208,0.0500846141314701,0.0519410729550966,"N","Y","Y","Y","Y",-0.0272804305633149,-0.027273817354544,-0.0277276239149414,-0.0276209764237917
"6",6,2.5,3.19832128987569,3.19962757192438,0.306712208270441,0.335752957451894,3.19365498987447,3.19927839050855,0.289895225667799,0.305920372958858,"N","N","N","N","Y",0.698321289875692,0.699627571924383,0.693654989874472,0.699278390508553
"7",7,2.090099,4.45033261525338,4.45974701066326,0.86685240308304,0.845110791906219,4.0097945710958,4.01260325697168,0.700584246983866,0.691995114863369,"N","N","N","N","Y",2.36023361525338,2.36964801066326,1.9196955710958,1.92250425697168
"8",8,0.1696688,0.211708316684683,0.211777335046141,0.0372489678710339,0.0368586721851048,0.211300039503076,0.211282893997187,0.0373569168866338,0.0372355461082203,"N","Y","Y","Y","Y",0.0420395166846834,0.0421085350461411,0.0416312395030765,0.0416140939971867
